<OverlayData>
	<MarkerCategory name="Janthir" minSize="16" maxSize="32">
		<MarkerCategory name="Nodes" DisplayName="Harvesting Nodes"/>
		<MarkerCategory name="Trail" DisplayName="Trail"/>
	</MarkerCategory>
	<POIs>
		<Trail trailData="janthir1.trl" texture="data/trail.png" color="ffffffff" alpha="1"
			   type="Janthir.Trail" fadeNear="3000" fadeFar="4000"/>
		<POI MapID="1550" xpos="282.67" ypos="109.796" zpos="330.741" GUID="97ePWMgXcEybrE4L4QoXcg==" type="Janthir.Nodes"/>
		<POI MapID="1550" xpos="718.428" ypos="92.5638" zpos="228.981" GUID="PK4ext+2u0WkgCJQWZXVcg==" type="Janthir.Nodes"/>
		<POI MapID="1550" xpos="796.453" ypos="321.095" zpos="-248.52" GUID="pQsJIEOrb0SDCYkagSwhbw==" type="Janthir.Nodes"/>
		<POI MapID="1550" xpos="821.198" ypos="332.495" zpos="105.807" GUID="3L6XmjqOAEuOKDsgyR/qcg==" type="Janthir.Nodes"/>
		<POI MapID="1550" xpos="636.333" ypos="304.541" zpos="-335.105" GUID="B84VC1dk9kGcYjCLOo+81Q==" type="Janthir.Nodes"/>
		<POI MapID="1550" xpos="478.518" ypos="321.521" zpos="-366.105" GUID="cyEl8jeeoU+Y6sYeMbJX3A==" type="Janthir.Nodes"/>
		<POI MapID="1550" xpos="276.171" ypos="327.868" zpos="-60.4942" GUID="vmBNR6nW20WMxQvV515t4g==" type="Janthir.Nodes"/>
		<POI MapID="1550" xpos="-134.338" ypos="217.047" zpos="-141.485" GUID="mCDzUlGGpUCkZBTQwcoMYg==" type="Janthir.Nodes"/>
		<POI MapID="1550" xpos="-79.4459" ypos="216.425" zpos="-113.509" GUID="zMAnpM+1vkWVg3+THCmyuw==" type="Janthir.Nodes"/>
		<POI MapID="1550" xpos="-6.17041" ypos="237.742" zpos="-125.445" GUID="DVkOQN6jBE6NqPwndoshNQ==" type="Janthir.Nodes"/>
		<POI MapID="1550" xpos="-11.6742" ypos="313.419" zpos="-298.837" GUID="6ur8OHIQzkmqw1FofOxN/w==" type="Janthir.Nodes"/>
		<POI MapID="1550" xpos="-74.4745" ypos="294.885" zpos="-280.741" GUID="kwYqCQRUEk2F+kOIb6aMYA==" type="Janthir.Nodes"/>
		<POI MapID="1550" xpos="135.959" ypos="311.083" zpos="-415.922" GUID="i4jEmmZLIUu+sgOPoWpapA==" type="Janthir.Nodes"/>
		<POI MapID="1550" xpos="197.005" ypos="308.8" zpos="-500.23" GUID="STa6ucRquU2Al67nyKu++w==" type="Janthir.Nodes"/>
		<POI MapID="1550" xpos="390.776" ypos="336.857" zpos="-513.506" GUID="R7mb9EtNNU+Hd1tMHcOWPg==" type="Janthir.Nodes"/>
		<POI MapID="1550" xpos="-40.4308" ypos="290.111" zpos="-507.96" GUID="cd6/WMhj2UKgakSOd0CKbg==" type="Janthir.Nodes"/>
		<POI MapID="1550" xpos="-198.54" ypos="241.601" zpos="-486.474" GUID="lWJ4P6wh9EGCgpxA93xjnw==" type="Janthir.Nodes"/>
		<POI MapID="1550" xpos="-194.819" ypos="310.957" zpos="-647.281" GUID="ZvYIdB7YMUiiSkQKYXTc2Q==" type="Janthir.Nodes"/>
		<POI MapID="1550" xpos="-454.833" ypos="209.359" zpos="-374.824" GUID="VoO0eHNhK0qGm3Pj594Rqg==" type="Janthir.Nodes"/>
		<POI MapID="1550" xpos="-456.587" ypos="208.396" zpos="-364.771" GUID="7LQek/VA7UivhC4SJBhEeA==" type="Janthir.Nodes"/>
		<POI MapID="1550" xpos="-503.677" ypos="208.676" zpos="-419.869" GUID="KW9a8BuPPkeHOpbEZnIA2A==" type="Janthir.Nodes"/>
		<POI MapID="1550" xpos="-522.913" ypos="202.367" zpos="-267.367" GUID="YCYt+zZJlkGKkSGJbvWz8g==" type="Janthir.Nodes"/>
		<POI MapID="1550" xpos="-626.79" ypos="234.389" zpos="-307.876" GUID="gV7g7R9uUkSr0hcTM06AfA==" type="Janthir.Nodes"/>
		<POI MapID="1550" xpos="-662.317" ypos="326.166" zpos="-604.321" GUID="i++f2HRHuEmIe39SrJNkqw==" type="Janthir.Nodes"/>
		<POI MapID="1550" xpos="-794.289" ypos="298.649" zpos="-480.091" GUID="IryFjDi4NkeYG1/a3I+7mQ==" type="Janthir.Nodes"/>
		<POI MapID="1550" xpos="-975.65" ypos="232.338" zpos="-262.348" GUID="5Ey8ow2eoUG2bOpGq1bRRw==" type="Janthir.Nodes"/>
		<POI MapID="1550" xpos="-973.295" ypos="217.949" zpos="-151.546" GUID="nh8U9R86SUGOGNJ8gdS2HA==" type="Janthir.Nodes"/>
		<POI MapID="1550" xpos="-1024.29" ypos="213.91" zpos="-66.9786" GUID="6D/OsS/iVkm7W+bTXal2ew==" type="Janthir.Nodes"/>
		<POI MapID="1550" xpos="-844.307" ypos="195.005" zpos="81.2391" GUID="IQYM2EKZS0KicuG4EjVhqw==" type="Janthir.Nodes"/>
		<POI MapID="1550" xpos="-857.313" ypos="208.115" zpos="-33.2906" GUID="WW24uGLHi0WNgFuNUF1iRQ==" type="Janthir.Nodes"/>
		<POI MapID="1550" xpos="-721.993" ypos="211.597" zpos="-184.635" GUID="DrVRBKj7Q0mnTE+cAPPWNQ==" type="Janthir.Nodes"/>
		<POI MapID="1550" xpos="-579.067" ypos="0.310283" zpos="25.5681" GUID="fk5op8V3AUi+r/0PQtRseA==" type="Janthir.Nodes"/>
		<POI MapID="1550" xpos="-547.216" ypos="0.716633" zpos="191.142" GUID="nPZY1pF9m0eA8yeeSMwkzA==" type="Janthir.Nodes"/>
		<POI MapID="1550" xpos="-420.035" ypos="3.19807" zpos="435.466" GUID="PbYQKVw4AU+QHU3jLICKmA==" type="Janthir.Nodes"/>
		<POI MapID="1550" xpos="-677.944" ypos="3.31942" zpos="519.707" GUID="65o2FWaLjE+6KN+5IuGxNQ==" type="Janthir.Nodes"/>
		<POI MapID="1550" xpos="-806.976" ypos="0.824461" zpos="350.577" GUID="GiF6Dxy/mUahEhQ9ExBljw==" type="Janthir.Nodes"/>
		<POI MapID="1550" xpos="-830.816" ypos="2.86875" zpos="313.819" GUID="Zpam96FThUSUlxf+9Ulb2w==" type="Janthir.Nodes"/>
		<POI MapID="1550" xpos="-899.855" ypos="-0.278052" zpos="292.803" GUID="WHrjAHR/vUOAXo82NPw+pw==" type="Janthir.Nodes"/>
		<POI MapID="1550" xpos="-961.987" ypos="66.4632" zpos="135.54" GUID="3VlE31vKUkWym+ciZ+DZFA==" type="Janthir.Nodes"/>
		<POI MapID="1550" xpos="-18.9877" ypos="149.654" zpos="342.329" GUID="Mp+D0EOOG0OMhUArEr6Bag==" type="Janthir.Nodes"/>
		<POI MapID="1550" xpos="-83.1453" ypos="108.339" zpos="452.584" GUID="lpAI9yMoEEy8VADJ7j3hig==" type="Janthir.Nodes"/>
		<POI MapID="1550" xpos="542.037" ypos="308.475" zpos="-339.725" GUID="74SYBMRc8EW2EOaRBtPpOw==" type="Janthir.Nodes"/>
		<POI MapID="1550" xpos="-637.739" ypos="2.12186" zpos="430.564" GUID="ffeAENZgYk+GKtbguYPfgQ==" type="Janthir.Nodes"/>
		<POI MapID="1550" xpos="-804.842" ypos="-0.0278566" zpos="526.385" GUID="CFQXasm2LU+uZkfqKXBNLA==" type="Janthir.Nodes"/>
		<POI MapID="1550" xpos="-836.341" ypos="0.009884" zpos="438.161" GUID="/viAEQ+gsEyiG8kb9CGjLg==" type="Janthir.Nodes"/>
		<POI MapID="1550" xpos="-951.486" ypos="202.386" zpos="71.5427" GUID="JMPRhBsFTUuPepjkyHvxkg==" type="Janthir.Nodes"/>
		<POI MapID="1550" xpos="-904.455" ypos="267.491" zpos="-363.935" GUID="hdL8EENITUC5mfGQ5yKMJw==" type="Janthir.Nodes"/>
		<POI MapID="1550" xpos="-865.329" ypos="263.932" zpos="-283.773" GUID="fJqcXLzIREC0kEB3vpaz7Q==" type="Janthir.Nodes"/>
		<POI MapID="1550" xpos="-523.969" ypos="202.868" zpos="-288.796" GUID="MY+zhT3iu0ijGXTJ+wyivw==" type="Janthir.Nodes"/>
		<POI MapID="1550" xpos="-497.944" ypos="209.652" zpos="-328.263" GUID="DmVAZ2Kps0yOkv8H7K1UFA==" type="Janthir.Nodes"/>
		<POI MapID="1550" xpos="-98.8457" ypos="309.603" zpos="-380.934" GUID="4+DemZ/j806BLG+wJj0IJg==" type="Janthir.Nodes"/>
		<POI MapID="1550" xpos="-115.472" ypos="310.354" zpos="-444.489" GUID="fJfbikFa4UaNKMg9xGEvRQ==" type="Janthir.Nodes"/>
		<POI MapID="1550" xpos="299.405" ypos="312.41" zpos="-487.901" GUID="NLlxl8q760Olb4R7Zn7duQ==" type="Janthir.Nodes"/>
		<POI MapID="1550" xpos="-231.024" ypos="215.057" zpos="-63.2905" GUID="7GUt+ovBW0WdHw6g2jLe0Q==" type="Janthir.Nodes"/>
		<POI MapID="1550" xpos="-563.959" ypos="2.68959" zpos="129.671" GUID="t7Zj/ikodkOW1pEUzC8qiA==" type="Janthir.Nodes"/>
		<POI MapID="1550" xpos="-957.231" ypos="1.57889" zpos="254.511" GUID="+y6CcRKbsk2WoMF+nx3SsA==" type="Janthir.Nodes"/>
		<POI MapID="1550" xpos="-946.168" ypos="-0.264749" zpos="222.52" GUID="McclGYQsA0yiNnNyJRu8FQ==" type="Janthir.Nodes"/>
		<POI MapID="1550" xpos="-861.429" ypos="223.257" zpos="-111.948" GUID="xTapDiB2tkWEm/DHYZIDnA==" type="Janthir.Nodes"/>
		<POI MapID="1550" xpos="-849.466" ypos="269.435" zpos="-356.319" GUID="XtXcQvtbbkWzRcfFMKmeMw==" type="Janthir.Nodes"/>
		<POI MapID="1550" xpos="-450.687" ypos="208.596" zpos="-369.43" GUID="eLSF4Y74WEOvH2QOiSgN1Q==" type="Janthir.Nodes"/>
		<POI MapID="1550" xpos="71.9299" ypos="300.839" zpos="-479.292" GUID="3fu8PYZTxEmv1buHH6Wd8Q==" type="Janthir.Nodes"/>
		<POI MapID="1550" xpos="23.6382" ypos="308.952" zpos="-338.499" GUID="VW19nX+AcUue6BHVtputMQ==" type="Janthir.Nodes"/>
		<POI MapID="1550" xpos="-299.804" ypos="133.128" zpos="62.5198" GUID="0Vq78NT7sk+FpuWD2WRTEw==" type="Janthir.Nodes"/>
		<POI MapID="1550" xpos="-635.872" ypos="2.35916" zpos="268.225" GUID="rq/4p/k99E6xBsnfsCUudQ==" type="Janthir.Nodes"/>
		<POI MapID="1550" xpos="-575.003" ypos="15.0431" zpos="350.704" GUID="onmk/nj/EUK3CNywdbDRzg==" type="Janthir.Nodes"/>
		<POI MapID="1550" xpos="-190.376" ypos="220.968" zpos="-112.409" GUID="XEMuG6iTLkiKjHMHQQluGg==" type="Janthir.Nodes"/>
		<POI MapID="1550" xpos="722.614" ypos="304.899" zpos="-127.504" GUID="cUlBpQIthkakJV3aGXEltQ==" type="Janthir.Nodes"/>
		<POI MapID="1550" xpos="-682.605" ypos="0.40361" zpos="406.577" GUID="/0ppHpRLO0+2U6nHe01Zsw==" type="Janthir.Nodes"/>
		<POI MapID="1550" xpos="-655.301" ypos="2.21717" zpos="541.24" GUID="/XGzJYAgl0autoorReNIIg==" type="Janthir.Nodes"/>
		<POI MapID="1550" xpos="-833.136" ypos="218.325" zpos="-124.286" GUID="DH73i/OleEmFqKbo18Dtzw==" type="Janthir.Nodes"/>
		<POI MapID="1550" xpos="-428.432" ypos="203.162" zpos="-283.111" GUID="Qj5WoiQlvE2rd6Sp6pLbqg==" type="Janthir.Nodes"/>
		<POI MapID="1550" xpos="-460.583" ypos="208.945" zpos="-368.975" GUID="dgxmSMffrkWIgJSNIjoCOw==" type="Janthir.Nodes"/>
		<POI MapID="1550" xpos="301.47" ypos="328.087" zpos="-558.81" GUID="KCQJvnex5kaekWC+j3GlTg==" type="Janthir.Nodes"/>
	</POIs>
</OverlayData>
